student,placement_listening,placement_reading,placement_grammar,placement_vocabulary,midterm_listening,midterm_reading,midterm_grammar,midterm_vocabulary,final_listening,final_reading,final_grammar,final_vocabulary
student-1,35,40,38,42,45,50,48,52,55,58,56,60
student-2,60,58,55,52,62,60,58,55,65,62,60,58
student-3,25,22,20,28,30,28,25,32,35,32,30,36
student-4,50,55,48,50,55,58,52,55,58,60,55,58
student-5,42,38,35,40,44,40,38,42,46,42,40,44
student-6,70,68,65,62,72,70,68,65,74,72,70,68
student-7,30,28,32,30,32,30,34,32,35,33,36,35
student-8,55,50,52,48,58,54,56,52,60,56,58,55
student-9,45,42,40,45,48,45,43,48,50,48,46,50
