Student_ID,Age,Grammar_30,Vocabulary_20,Reading_20,Listening_20,Writing_10,Total_100,Notes,Grammar_Breakdown:,Vocabulary_Breakdown:,Reading_Skills:,Listening_Skills:,Writing_Assessment:
Student_1,28,22,15,16,17,7,77,,Student_1: Present_Perfect_5/10; Conditionals_8/10; Passive_Voice_9/10,Student_1: Academic_Words_5/7; Collocations_6/7; Phrasal_Verbs_4/6,Student_1: Gist_6/8; Detail_7/8; Inference_3/4,Student_1: Gist_7/8; Detail_6/8; Inference_4/4,Student_1: Task_Achievement_3/4; Coherence_2/3; Grammar_Range_2/3
Student_2,35,19,14,13,15,6,67,,Student_2: Present_Perfect_6/10; Conditionals_7/10; Passive_Voice_6/10,Student_2: Academic_Words_5/7; Collocations_5/7; Phrasal_Verbs_4/6,Student_2: Gist_5/8; Detail_5/8; Inference_3/4,Student_2: Gist_6/8; Detail_6/8; Inference_3/4,Student_2: Task_Achievement_2/4; Coherence_2/3; Grammar_Range_2/3
Student_3,24,15,12,11,6,5,49,,Student_3: Present_Perfect_3/10; Conditionals_5/10; Passive_Voice_7/10,Student_3: Academic_Words_4/7; Collocations_4/7; Phrasal_Verbs_4/6,Student_3: Gist_4/8; Detail_5/8; Inference_2/4,Student_3: Gist_2/8; Detail_2/8; Inference_2/4,Student_3: Task_Achievement_2/4; Coherence_2/3; Grammar_Range_1/3
Student_4,42,17,13,14,19,6,69,,Student_4: Present_Perfect_4/10; Conditionals_6/10; Passive_Voice_7/10,Student_4: Academic_Words_4/7; Collocations_5/7; Phrasal_Verbs_4/6,Student_4: Gist_5/8; Detail_6/8; Inference_3/4,Student_4: Gist_7/8; Detail_8/8; Inference_4/4,Student_4: Task_Achievement_3/4; Coherence_2/3; Grammar_Range_1/3
Student_5,31,20,16,15,14,8,73,,Student_5: Present_Perfect_7/10; Conditionals_7/10; Passive_Voice_6/10,Student_5: Academic_Words_6/7; Collocations_6/7; Phrasal_Verbs_4/6,Student_5: Gist_6/8; Detail_6/8; Inference_3/4,Student_5: Gist_5/8; Detail_6/8; Inference_3/4,Student_5: Task_Achievement_3/4; Coherence_3/3; Grammar_Range_2/3
Student_6,27,14,11,10,8,4,47,,Student_6: Present_Perfect_3/10; Conditionals_4/10; Passive_Voice_7/10,Student_6: Academic_Words_3/7; Collocations_4/7; Phrasal_Verbs_4/6,Student_6: Gist_4/8; Detail_4/8; Inference_2/4,Student_6: Gist_3/8; Detail_3/8; Inference_2/4,Student_6: Task_Achievement_2/4; Coherence_1/3; Grammar_Range_1/3
Student_7,38,18,15,17,16,7,73,,Student_7: Present_Perfect_5/10; Conditionals_6/10; Passive_Voice_7/10,Student_7: Academic_Words_5/7; Collocations_6/7; Phrasal_Verbs_4/6,Student_7: Gist_6/8; Detail_7/8; Inference_4/4,Student_7: Gist_6/8; Detail_7/8; Inference_3/4,Student_7: Task_Achievement_3/4; Coherence_2/3; Grammar_Range_2/3
Student_8,29,21,17,18,18,8,82,,Student_8: Present_Perfect_8/10; Conditionals_7/10; Passive_Voice_6/10,Student_8: Academic_Words_6/7; Collocations_6/7; Phrasal_Verbs_5/6,Student_8: Gist_7/8; Detail_7/8; Inference_4/4,Student_8: Gist_7/8; Detail_7/8; Inference_4/4,Student_8: Task_Achievement_3/4; Coherence_3/3; Grammar_Range_2/3
Student_9,45,16,10,12,9,5,52,,Student_9: Present_Perfect_4/10; Conditionals_5/10; Passive_Voice_7/10,Student_9: Academic_Words_3/7; Collocations_4/7; Phrasal_Verbs_3/6,Student_9: Gist_5/8; Detail_5/8; Inference_2/4,Student_9: Gist_4/8; Detail_3/8; Inference_2/4,Student_9: Task_Achievement_2/4; Coherence_2/3; Grammar_Range_1/3
Student_10,33,19,13,15,13,6,66,,Student_10: Present_Perfect_6/10; Conditionals_6/10; Passive_Voice_7/10,Student_10: Academic_Words_4/7; Collocations_5/7; Phrasal_Verbs_4/6,Student_10: Gist_6/8; Detail_6/8; Inference_3/4,Student_10: Gist_5/8; Detail_5/8; Inference_3/4,Student_10: Task_Achievement_2/4; Coherence_2/3; Grammar_Range_2/3
Student_11,26,13,9,11,7,4,44,,Student_11: Present_Perfect_3/10; Conditionals_3/10; Passive_Voice_7/10,Student_11: Academic_Words_2/7; Collocations_3/7; Phrasal_Verbs_4/6,Student_11: Gist_4/8; Detail_5/8; Inference_2/4,Student_11: Gist_3/8; Detail_2/8; Inference_2/4,Student_11: Task_Achievement_2/4; Coherence_1/3; Grammar_Range_1/3
Student_12,30,22,14,16,17,7,76,,Student_12: Present_Perfect_8/10; Conditionals_7/10; Passive_Voice_7/10,Student_12: Academic_Words_5/7; Collocations_5/7; Phrasal_Verbs_4/6,Student_12: Gist_6/8; Detail_7/8; Inference_3/4,Student_12: Gist_7/8; Detail_6/8; Inference_4/4,Student_12: Task_Achievement_3/4; Coherence_2/3; Grammar_Range_2/3